<?xml version='1.0' encoding='UTF-8'?><org.lamsfoundation.lams.tool.assessment.model.Assessment><contentId>239178</contentId><title>Άσκηση 6</title><instructions>&lt;div>Instructions&lt;/div>&#xd;
</instructions><useSelectLeaderToolOuput>false</useSelectLeaderToolOuput><relativeTimeLimit>0</relativeTimeLimit><absoluteTimeLimit>0</absoluteTimeLimit><questionsPerPage>0</questionsPerPage><sections class="sorted-set"/><attemptsAllowed>1</attemptsAllowed><passingMark>0</passingMark><shuffled>false</shuffled><shuffledAnswers>false</shuffledAnswers><numbered>true</numbered><allowQuestionFeedback>false</allowQuestionFeedback><allowOverallFeedbackAfterQuestion>false</allowOverallFeedbackAfterQuestion><allowDiscloseAnswers>false</allowDiscloseAnswers><allowAnswerRating>false</allowAnswerRating><allowRightAnswersAfterQuestion>false</allowRightAnswersAfterQuestion><allowWrongAnswersAfterQuestion>false</allowWrongAnswersAfterQuestion><allowGradesAfterAttempt>false</allowGradesAfterAttempt><enableConfidenceLevels>false</enableConfidenceLevels><confidenceLevelsType>1</confidenceLevelsType><allowHistoryResponses>false</allowHistoryResponses><allowAnswerJustification>false</allowAnswerJustification><allowDiscussionSentiment>false</allowDiscussionSentiment><displaySummary>false</displaySummary><displayMaxMark>false</displayMaxMark><defineLater>false</defineLater><notifyTeachersOnAttemptCompletion>false</notifyTeachersOnAttemptCompletion><questionEtherpadEnabled>false</questionEtherpadEnabled><created class="sql-timestamp">2025-01-15 14:52:07</created><createdBy><userId>152369</userId><firstName>ΜΑΝΟΥΣΟΣ</firstName><lastName>ΜΑΝΟΥΣΑΚΑΣ</lastName><loginName>mmanousakas</loginName><sessionFinished>false</sessionFinished><assessment reference="../.."/></createdBy><questions class="sorted-set"><org.lamsfoundation.lams.tool.assessment.model.AssessmentQuestion><qbQuestion><uuid>36018cd1-d350-11ef-b708-00155d1ad500</uuid><type>1</type><createDate class="sql-timestamp">2025-01-15 14:51:33</createDate><contentFolderId>c199d600-b40a-41e0-854c-36437c2021d6</contentFolderId><name>Βασική σύνταξη της print</name><description>&lt;p>Ποια είναι η σωστή σύνταξη για την εκτύπωση "Γεια σου Κόσμε!" στην Python;&lt;/p></description><maxMark>1</maxMark><feedback>&lt;p>Η σωστή απάντηση είναι η a, καθώς αυτή είναι η σύνταξη της εντολής print στην Python.&lt;/p></feedback><penaltyFactor>0.0</penaltyFactor><multipleAnswersAllowed>false</multipleAnswersAllowed><incorrectAnswerNullifiesMark>false</incorrectAnswerNullifiesMark><shuffle>false</shuffle><prefixAnswersWithLetters>false</prefixAnswersWithLetters><caseSensitive>false</caseSensitive><exactMatch>false</exactMatch><correctAnswer>false</correctAnswer><allowRichEditor>false</allowRichEditor><maxWordsLimit>0</maxWordsLimit><minWordsLimit>0</minWordsLimit><hedgingJustificationEnabled>false</hedgingJustificationEnabled><autocompleteEnabled>false</autocompleteEnabled><qbOptions><org.lamsfoundation.lams.qb.model.QbOption><name>print("Γεια σου Κόσμε!")</name><displayOrder>0</displayOrder><qbQuestion reference="../../.."/><numericalOption>0.0</numericalOption><maxMark>1.0</maxMark><acceptedError>0.0</acceptedError></org.lamsfoundation.lams.qb.model.QbOption><org.lamsfoundation.lams.qb.model.QbOption><name>echo("Γεια σου Κόσμε!")</name><displayOrder>1</displayOrder><qbQuestion reference="../../.."/><numericalOption>0.0</numericalOption><maxMark>0.0</maxMark><acceptedError>0.0</acceptedError></org.lamsfoundation.lams.qb.model.QbOption><org.lamsfoundation.lams.qb.model.QbOption><name>printf("Γεια σου Κόσμε!")</name><displayOrder>2</displayOrder><qbQuestion reference="../../.."/><numericalOption>0.0</numericalOption><maxMark>0.0</maxMark><acceptedError>0.0</acceptedError></org.lamsfoundation.lams.qb.model.QbOption><org.lamsfoundation.lams.qb.model.QbOption><name>cout &amp;lt;&amp;lt; "Γεια σου Κόσμε!";</name><displayOrder>3</displayOrder><qbQuestion reference="../../.."/><numericalOption>0.0</numericalOption><maxMark>0.0</maxMark><acceptedError>0.0</acceptedError></org.lamsfoundation.lams.qb.model.QbOption></qbOptions><units/></qbQuestion><toolContentId>239178</toolContentId><answerRequired>false</answerRequired><displayOrder>2</displayOrder><randomQuestion>false</randomQuestion><correctAnswersDisclosed>false</correctAnswersDisclosed><groupsAnswersDisclosed>false</groupsAnswersDisclosed></org.lamsfoundation.lams.tool.assessment.model.AssessmentQuestion><org.lamsfoundation.lams.tool.assessment.model.AssessmentQuestion><qbQuestion><uuid>360a0617-d350-11ef-b708-00155d1ad500</uuid><type>1</type><createDate class="sql-timestamp">2025-01-15 14:51:33</createDate><contentFolderId>dee81c13-07b7-4910-9a7d-8a7a13fa8e29</contentFolderId><name>Εκτύπωση πολλαπλών στοιχείων</name><description>&lt;p>Πώς μπορείτε να εκτυπώσετε δύο μηνύματα, "Γεια" και "Κόσμε", σε μία γραμμή;&lt;/p></description><maxMark>1</maxMark><feedback>&lt;p>Η επιλογή a επιτρέπει την εκτύπωση πολλαπλών στοιχείων χωρισμένων με κόμμα.&lt;/p></feedback><penaltyFactor>0.0</penaltyFactor><multipleAnswersAllowed>false</multipleAnswersAllowed><incorrectAnswerNullifiesMark>false</incorrectAnswerNullifiesMark><shuffle>false</shuffle><prefixAnswersWithLetters>false</prefixAnswersWithLetters><caseSensitive>false</caseSensitive><exactMatch>false</exactMatch><correctAnswer>false</correctAnswer><allowRichEditor>false</allowRichEditor><maxWordsLimit>0</maxWordsLimit><minWordsLimit>0</minWordsLimit><hedgingJustificationEnabled>false</hedgingJustificationEnabled><autocompleteEnabled>false</autocompleteEnabled><qbOptions><org.lamsfoundation.lams.qb.model.QbOption><name>print("Γεια", "Κόσμε")</name><displayOrder>0</displayOrder><qbQuestion reference="../../.."/><numericalOption>0.0</numericalOption><maxMark>1.0</maxMark><acceptedError>0.0</acceptedError></org.lamsfoundation.lams.qb.model.QbOption><org.lamsfoundation.lams.qb.model.QbOption><name>print("Γεια" + "Κόσμε")</name><displayOrder>1</displayOrder><qbQuestion reference="../../.."/><numericalOption>0.0</numericalOption><maxMark>0.0</maxMark><acceptedError>0.0</acceptedError></org.lamsfoundation.lams.qb.model.QbOption><org.lamsfoundation.lams.qb.model.QbOption><name>print("Γεια"; "Κόσμε")</name><displayOrder>2</displayOrder><qbQuestion reference="../../.."/><numericalOption>0.0</numericalOption><maxMark>0.0</maxMark><acceptedError>0.0</acceptedError></org.lamsfoundation.lams.qb.model.QbOption><org.lamsfoundation.lams.qb.model.QbOption><name>print("Γεια" &amp;amp; "Κόσμε")</name><displayOrder>3</displayOrder><qbQuestion reference="../../.."/><numericalOption>0.0</numericalOption><maxMark>0.0</maxMark><acceptedError>0.0</acceptedError></org.lamsfoundation.lams.qb.model.QbOption></qbOptions><units/></qbQuestion><toolContentId>239178</toolContentId><answerRequired>false</answerRequired><displayOrder>3</displayOrder><randomQuestion>false</randomQuestion><correctAnswersDisclosed>false</correctAnswersDisclosed><groupsAnswersDisclosed>false</groupsAnswersDisclosed></org.lamsfoundation.lams.tool.assessment.model.AssessmentQuestion><org.lamsfoundation.lams.tool.assessment.model.AssessmentQuestion><qbQuestion><uuid>3614cef9-d350-11ef-b708-00155d1ad500</uuid><type>1</type><createDate class="sql-timestamp">2025-01-15 14:51:33</createDate><contentFolderId>9439998a-c943-4ce2-b8aa-3d4633dfa3b1</contentFolderId><name>Ειδικοί χαρακτήρες</name><description>&lt;p>Πώς μπορείτε να εκτυπώσετε την ακολουθία: Hello\nWorld;&lt;/p></description><maxMark>1</maxMark><feedback>&lt;p>Η σωστή απάντηση είναι η a, καθώς το \n αναπαριστά νέο γραμμή στην Python.&lt;/p></feedback><penaltyFactor>0.0</penaltyFactor><multipleAnswersAllowed>false</multipleAnswersAllowed><incorrectAnswerNullifiesMark>false</incorrectAnswerNullifiesMark><shuffle>false</shuffle><prefixAnswersWithLetters>false</prefixAnswersWithLetters><caseSensitive>false</caseSensitive><exactMatch>false</exactMatch><correctAnswer>false</correctAnswer><allowRichEditor>false</allowRichEditor><maxWordsLimit>0</maxWordsLimit><minWordsLimit>0</minWordsLimit><hedgingJustificationEnabled>false</hedgingJustificationEnabled><autocompleteEnabled>false</autocompleteEnabled><qbOptions><org.lamsfoundation.lams.qb.model.QbOption><name>print("Hello\nWorld")</name><displayOrder>0</displayOrder><qbQuestion reference="../../.."/><numericalOption>0.0</numericalOption><maxMark>1.0</maxMark><acceptedError>0.0</acceptedError></org.lamsfoundation.lams.qb.model.QbOption><org.lamsfoundation.lams.qb.model.QbOption><name>print("Hello\\nWorld")</name><displayOrder>1</displayOrder><qbQuestion reference="../../.."/><numericalOption>0.0</numericalOption><maxMark>0.0</maxMark><acceptedError>0.0</acceptedError></org.lamsfoundation.lams.qb.model.QbOption><org.lamsfoundation.lams.qb.model.QbOption><name>print("Hello/nWorld")</name><displayOrder>2</displayOrder><qbQuestion reference="../../.."/><numericalOption>0.0</numericalOption><maxMark>0.0</maxMark><acceptedError>0.0</acceptedError></org.lamsfoundation.lams.qb.model.QbOption><org.lamsfoundation.lams.qb.model.QbOption><name>print("Hello World")</name><displayOrder>3</displayOrder><qbQuestion reference="../../.."/><numericalOption>0.0</numericalOption><maxMark>0.0</maxMark><acceptedError>0.0</acceptedError></org.lamsfoundation.lams.qb.model.QbOption></qbOptions><units/></qbQuestion><toolContentId>239178</toolContentId><answerRequired>false</answerRequired><displayOrder>5</displayOrder><randomQuestion>false</randomQuestion><correctAnswersDisclosed>false</correctAnswersDisclosed><groupsAnswersDisclosed>false</groupsAnswersDisclosed></org.lamsfoundation.lams.tool.assessment.model.AssessmentQuestion></questions><questionReferences class="sorted-set"><comparator class="org.lamsfoundation.lams.tool.assessment.util.SequencableComparator"/><org.lamsfoundation.lams.tool.assessment.model.QuestionReference><sequenceId>1</sequenceId><maxMark>1</maxMark><randomQuestion>false</randomQuestion><question reference="../../../questions/org.lamsfoundation.lams.tool.assessment.model.AssessmentQuestion"/></org.lamsfoundation.lams.tool.assessment.model.QuestionReference><org.lamsfoundation.lams.tool.assessment.model.QuestionReference><sequenceId>2</sequenceId><maxMark>1</maxMark><randomQuestion>false</randomQuestion><question reference="../../../questions/org.lamsfoundation.lams.tool.assessment.model.AssessmentQuestion[2]"/></org.lamsfoundation.lams.tool.assessment.model.QuestionReference><org.lamsfoundation.lams.tool.assessment.model.QuestionReference><sequenceId>4</sequenceId><maxMark>1</maxMark><randomQuestion>false</randomQuestion><question reference="../../../questions/org.lamsfoundation.lams.tool.assessment.model.AssessmentQuestion[3]"/></org.lamsfoundation.lams.tool.assessment.model.QuestionReference></questionReferences><overallFeedbacks class="sorted-set"><comparator class="org.lamsfoundation.lams.tool.assessment.util.SequencableComparator"/></overallFeedbacks></org.lamsfoundation.lams.tool.assessment.model.Assessment>