<?xml version='1.0' encoding='UTF-8'?><org.lamsfoundation.lams.tool.noticeboard.model.NoticeboardContent><nbContentId>239042</nbContentId><title>Παράδειγμα 2: Εκτύπωση αριθμών</title><content>&lt;div>Μπορείς επίσης να εκτυπώνεις αριθμούς με την εντολή print().&lt;/div>&#xd;
&#xd;
&lt;div>&lt;br>&#xd;
&lt;strong>&amp;nbsp;Δες το παρακάτω παράδειγμα:&lt;/strong>&lt;img alt="Build Exciting Machine Learning Projects with Python" height="246" src="https://keymakr.com/blog/content/images/2024/04/KM46Main.jpg" style="float:right" width="368">&lt;/div>&#xd;
&#xd;
&lt;div>&amp;nbsp;&lt;/div>&#xd;
&#xd;
&lt;div>&#xd;
&lt;div>print(2024)&lt;/div>&#xd;
&#xd;
&lt;div>&lt;br>&#xd;
Αυτό θα εκτυπώσει τον αριθμό:&lt;/div>&#xd;
&#xd;
&lt;div>&lt;br>&#xd;
2024&lt;/div>&#xd;
&#xd;
&lt;div>&amp;nbsp;&lt;/div>&#xd;
&#xd;
&lt;div>&amp;nbsp;&lt;/div>&#xd;
&#xd;
&lt;div>&lt;strong>Δες το παρακάτω παράδειγμα:&lt;/strong>&lt;/div>&#xd;
&#xd;
&lt;div>&lt;br>&#xd;
print("Το αποτέλεσμα του 5 + 3 είναι", 5 + 3)&lt;/div>&#xd;
&#xd;
&lt;div>&lt;br>&#xd;
Αυτό θα εκτυπώσει:&lt;/div>&#xd;
&#xd;
&lt;div>&lt;br>&#xd;
Το αποτέλεσμα του 5 + 3 είναι 8&lt;/div>&#xd;
&#xd;
&lt;div>&amp;nbsp;&lt;/div>&#xd;
&lt;/div>&#xd;
</content><defineLater>false</defineLater><contentInUse>false</contentInUse><creatorUserId>152369</creatorUserId><dateCreated class="sql-timestamp">2025-01-15 13:15:19</dateCreated><dateUpdated class="sql-timestamp">2025-01-15 13:41:14</dateUpdated><allowComments>false</allowComments><commentsLikeAndDislike>false</commentsLikeAndDislike><allowAnonymous>false</allowAnonymous></org.lamsfoundation.lams.tool.noticeboard.model.NoticeboardContent>