<?xml version='1.0' encoding='UTF-8'?><org.lamsfoundation.lams.tool.noticeboard.model.NoticeboardContent><nbContentId>239028</nbContentId><title>Εισαγωγή στην εντολή print() στην Python</title><content>&lt;h3 dir="ltr">&lt;img alt="6 reasons why Python is the future programming language - ICTSlab" height="142" src="https://ictslab.com/wp-content/uploads/2019/03/d1326ca6cca8038cd115a061b4e2b3bc-840x430.png" style="float:right" width="277">&lt;/h3>&#xd;
&#xd;
&lt;h3 dir="ltr">&lt;b>Στόχος:&lt;/b>&lt;/h3>&#xd;
&#xd;
&lt;p dir="ltr">&lt;b id="docs-internal-guid-3d02a103-7fff-a18d-149a-a0ee5bde06c5">Σε αυτό το φύλλο εργασίας, θα μάθεις πώς να χρησιμοποιείς την εντολή print() στην Python για να εμφανίζεις μηνύματα και αποτελέσματα στην οθόνη.&lt;/b>&lt;/p>&#xd;
&#xd;
&lt;h3 dir="ltr">&lt;br>&#xd;
&lt;b id="docs-internal-guid-3d02a103-7fff-a18d-149a-a0ee5bde06c5">Τι είναι η εντολή print();&lt;/b>&lt;/h3>&#xd;
&#xd;
&lt;div>&#xd;
&lt;p dir="ltr">&lt;b id="docs-internal-guid-3d02a103-7fff-a18d-149a-a0ee5bde06c5">Η εντολή print() είναι μια από τις πιο βασικές εντολές της Python. Χρησιμοποιείται για να εκτυπώνεις κείμενο, αριθμούς και αποτελέσματα στην οθόνη του υπολογιστή.&lt;/b>&lt;/p>&#xd;
&#xd;
&lt;p dir="ltr">&amp;nbsp;&lt;/p>&#xd;
&#xd;
&lt;div class="col-lg-12">&#xd;
&lt;div class="embed-responsive embed-responsive-16by9" data-oembed-url="https://www.youtube.com/watch?v=zBb4xmVxFx8&amp;amp;list=PLLazhr7ULbho-a-L6uZ9v_qxNQGc4aM8F&amp;amp;t=3m07s">&#xd;
&lt;div>&#xd;
&lt;div style="left: 0; width: 100%; height: 0; position: relative; padding-bottom: 56.25%;">&lt;iframe allow="accelerometer *; clipboard-write *; encrypted-media *; gyroscope *; picture-in-picture *; web-share *;" allowfullscreen="" scrolling="no" src="//if-cdn.com/zJ6ohBI" style="top: 0; left: 0; width: 100%; height: 100%; position: absolute; border: 0;" tabindex="-1">&lt;/iframe>&lt;/div>&#xd;
&lt;/div>&#xd;
&lt;/div>&#xd;
&lt;/div>&#xd;
&#xd;
&lt;div>&amp;nbsp;&lt;/div>&#xd;
&lt;/div>&#xd;
</content><defineLater>false</defineLater><contentInUse>false</contentInUse><creatorUserId>152369</creatorUserId><dateCreated class="sql-timestamp">2025-01-15 12:26:23</dateCreated><dateUpdated class="sql-timestamp">2025-01-15 15:21:04</dateUpdated><allowComments>false</allowComments><commentsLikeAndDislike>false</commentsLikeAndDislike><allowAnonymous>false</allowAnonymous></org.lamsfoundation.lams.tool.noticeboard.model.NoticeboardContent>