<?xml version='1.0' encoding='UTF-8'?><org.lamsfoundation.lams.tool.noticeboard.model.NoticeboardContent><nbContentId>239037</nbContentId><title>Τι είναι η εντολή print();</title><content>&lt;div>&lt;br>&#xd;
Η εντολή print() είναι μια από τις πιο βασικές εντολές της Python. Χρησιμοποιείται για να εκτυπώνεις κείμενο, αριθμούς και αποτελέσματα στην οθόνη του υπολογιστή.&lt;/div>&#xd;
&#xd;
&lt;div>&amp;nbsp;&lt;/div>&#xd;
&#xd;
&lt;div>&lt;strong>Παράδειγμα 1: Εκτύπωση κειμένου&lt;/strong>&lt;img alt="Python: Guide to the World's Favorite Programming Language" height="146" src="https://www.daillac.com/wp-content/uploads/2023/10/DALL%C2%B7E-2023-10-29-20.54.24-Illustration-of-a-desktop-screen-displaying-a-Python-code-snippet-with-a-colorful-syntax-highlighting.-A-python-snake-is-wrapped-around-the-monitor.-A.webp" style="float:right" width="256">&lt;/div>&#xd;
&#xd;
&lt;div>&amp;nbsp;&lt;/div>&#xd;
&#xd;
&lt;div>print("Γεια σου, κόσμε!")&lt;/div>&#xd;
&#xd;
&lt;div>&lt;br>&#xd;
Αυτό το πρόγραμμα εμφανίζει στην οθόνη το μήνυμα:&lt;/div>&#xd;
&#xd;
&lt;div>&amp;nbsp;&lt;/div>&#xd;
&#xd;
&lt;div>Γεια σου, κόσμε!&lt;br>&#xd;
&amp;nbsp;&lt;/div>&#xd;
&#xd;
&lt;div>&amp;nbsp;&lt;/div>&#xd;
&#xd;
&lt;div>&#xd;
&lt;div class="col-lg-12">&#xd;
&lt;div class="embed-responsive embed-responsive-16by9" data-oembed-url="https://www.youtube.com/watch?v=df89_3b2RYI&amp;amp;list=PLLMmbOLFy25Eohpgb_V3GWKdf8sL0Upvt&amp;amp;index=2">&#xd;
&lt;div>&#xd;
&lt;div style="left: 0; width: 100%; height: 0; position: relative; padding-bottom: 56.25%;">&lt;iframe allow="accelerometer *; clipboard-write *; encrypted-media *; gyroscope *; picture-in-picture *; web-share *;" allowfullscreen="" scrolling="no" src="//if-cdn.com/7hE7imW" style="top: 0; left: 0; width: 100%; height: 100%; position: absolute; border: 0;" tabindex="-1">&lt;/iframe>&lt;/div>&#xd;
&lt;/div>&#xd;
&lt;/div>&#xd;
&lt;/div>&#xd;
&#xd;
&lt;div>&amp;nbsp;&lt;/div>&#xd;
&lt;/div>&#xd;
</content><defineLater>false</defineLater><contentInUse>false</contentInUse><creatorUserId>152369</creatorUserId><dateCreated class="sql-timestamp">2025-01-15 13:06:23</dateCreated><dateUpdated class="sql-timestamp">2025-01-15 15:27:47</dateUpdated><allowComments>false</allowComments><commentsLikeAndDislike>false</commentsLikeAndDislike><allowAnonymous>false</allowAnonymous></org.lamsfoundation.lams.tool.noticeboard.model.NoticeboardContent>