<?xml version='1.0' encoding='UTF-8'?><org.lamsfoundation.lams.learningdesign.dto.LearningDesignDTO><learningDesignID>27602</learningDesignID><description></description><title>Python Εντολή print</title><firstActivityID>277774</firstActivityID><firstActivityUIID>1</firstActivityUIID><floatingActivityID>277774</floatingActivityID><maxID>19</maxID><validDesign>true</validDesign><readOnly>false</readOnly><editOverrideLock>false</editOverrideLock><userID>152369</userID><originalUserID>152369</originalUserID><copyTypeID>1</copyTypeID><createDateTime class="sql-timestamp">2025-01-15 12:25:36</createDateTime><version>4.8</version><designVersion>1</designVersion><workspaceFolderID>253311</workspaceFolderID><lastModifiedDateTime class="sql-timestamp">2025-01-15 15:29:09</lastModifiedDateTime><contentFolderID>ed85c197-1334-499a-ae44-4202e94fc77f</contentFolderID><groupings/><activities><org.lamsfoundation.lams.learningdesign.dto.AuthoringActivityDTO><activityID>277774</activityID><activityUIID>1</activityUIID><activityTitle>Εισαγωγή στην εντολή print() στην Python</activityTitle><helpURL>http://wiki.lamsfoundation.org/display/lamsdocs/lanb11</helpURL><xCoord>80</xCoord><yCoord>80</yCoord><activityTypeID>1</activityTypeID><learningDesignID>27602</learningDesignID><learningLibraryID>37</learningLibraryID><createDateTime class="sql-timestamp">2025-01-15 13:12:13</createDateTime><toolSignature>lanb11</toolSignature><toolID>34</toolID><toolContentID>239028</toolContentID><toolDisplayName>NoticeboardX</toolDisplayName><toolVersion>20230325</toolVersion><authoringURL>tool/lanb11/authoring/authoring.do</authoringURL><monitoringURL>tool/lanb11/monitoring/monitoring.do</monitoringURL><gateStopAtPrecedingActivity>false</gateStopAtPrecedingActivity><applyGrouping>false</applyGrouping><groupingSupportType>2</groupingSupportType><libraryActivityUIImage>tool/lanb11/images/icon_nb.svg</libraryActivityUIImage><readOnly>false</readOnly><initialised>false</initialised><stopAfterActivity>false</stopAfterActivity><inputActivities/><competenceMappingTitles/><languageCode></languageCode><supportsOutputs>false</supportsOutputs></org.lamsfoundation.lams.learningdesign.dto.AuthoringActivityDTO><org.lamsfoundation.lams.learningdesign.dto.AuthoringActivityDTO><activityID>277775</activityID><activityUIID>2</activityUIID><activityTitle>Τι είναι η εντολή print();</activityTitle><helpURL>http://wiki.lamsfoundation.org/display/lamsdocs/lanb11</helpURL><xCoord>360</xCoord><yCoord>80</yCoord><activityTypeID>1</activityTypeID><learningDesignID>27602</learningDesignID><learningLibraryID>37</learningLibraryID><createDateTime class="sql-timestamp">2025-01-15 13:12:13</createDateTime><toolSignature>lanb11</toolSignature><toolID>34</toolID><toolContentID>239037</toolContentID><toolDisplayName>NoticeboardX</toolDisplayName><toolVersion>20230325</toolVersion><authoringURL>tool/lanb11/authoring/authoring.do</authoringURL><monitoringURL>tool/lanb11/monitoring/monitoring.do</monitoringURL><gateStopAtPrecedingActivity>false</gateStopAtPrecedingActivity><applyGrouping>false</applyGrouping><groupingSupportType>2</groupingSupportType><libraryActivityUIImage>tool/lanb11/images/icon_nb.svg</libraryActivityUIImage><readOnly>false</readOnly><initialised>false</initialised><stopAfterActivity>false</stopAfterActivity><inputActivities/><competenceMappingTitles/><languageCode></languageCode><supportsOutputs>false</supportsOutputs></org.lamsfoundation.lams.learningdesign.dto.AuthoringActivityDTO><org.lamsfoundation.lams.learningdesign.dto.AuthoringActivityDTO><activityID>277776</activityID><activityUIID>3</activityUIID><activityTitle>Άσκηση 1</activityTitle><helpURL>http://wiki.lamsfoundation.org/display/lamsdocs/laasse10</helpURL><xCoord>640</xCoord><yCoord>80</yCoord><activityTypeID>1</activityTypeID><learningDesignID>27602</learningDesignID><learningLibraryID>26</learningLibraryID><createDateTime class="sql-timestamp">2025-01-15 13:12:13</createDateTime><toolSignature>laasse10</toolSignature><toolID>23</toolID><toolContentID>239038</toolContentID><toolDisplayName>Assessment</toolDisplayName><toolVersion>20220920</toolVersion><authoringURL>tool/laasse10/authoring/start.do</authoringURL><monitoringURL>tool/laasse10/monitoring/summary.do</monitoringURL><adminURL>tool/laasse10/admin/start.do</adminURL><gateStopAtPrecedingActivity>false</gateStopAtPrecedingActivity><applyGrouping>false</applyGrouping><groupingSupportType>2</groupingSupportType><libraryActivityUIImage>tool/laasse10/images/icon_assessment.svg</libraryActivityUIImage><readOnly>false</readOnly><initialised>false</initialised><stopAfterActivity>false</stopAfterActivity><inputActivities/><competenceMappingTitles/><evaluation><string>learner.total.score</string></evaluation><languageCode></languageCode><supportsOutputs>true</supportsOutputs></org.lamsfoundation.lams.learningdesign.dto.AuthoringActivityDTO><org.lamsfoundation.lams.learningdesign.dto.AuthoringActivityDTO><activityID>277784</activityID><activityUIID>6</activityUIID><activityTitle>Εκτύπωση αριθμών</activityTitle><helpURL>http://wiki.lamsfoundation.org/display/lamsdocs/lanb11</helpURL><xCoord>80</xCoord><yCoord>200</yCoord><activityTypeID>1</activityTypeID><learningDesignID>27602</learningDesignID><learningLibraryID>37</learningLibraryID><createDateTime class="sql-timestamp">2025-01-15 13:30:15</createDateTime><toolSignature>lanb11</toolSignature><toolID>34</toolID><toolContentID>239042</toolContentID><toolDisplayName>NoticeboardX</toolDisplayName><toolVersion>20230325</toolVersion><authoringURL>tool/lanb11/authoring/authoring.do</authoringURL><monitoringURL>tool/lanb11/monitoring/monitoring.do</monitoringURL><gateStopAtPrecedingActivity>false</gateStopAtPrecedingActivity><applyGrouping>false</applyGrouping><groupingSupportType>2</groupingSupportType><libraryActivityUIImage>tool/lanb11/images/icon_nb.svg</libraryActivityUIImage><readOnly>false</readOnly><initialised>false</initialised><stopAfterActivity>false</stopAfterActivity><inputActivities/><competenceMappingTitles/><languageCode></languageCode><supportsOutputs>false</supportsOutputs></org.lamsfoundation.lams.learningdesign.dto.AuthoringActivityDTO><org.lamsfoundation.lams.learningdesign.dto.AuthoringActivityDTO><activityID>277785</activityID><activityUIID>7</activityUIID><activityTitle>Άσκηση 2</activityTitle><helpURL>http://wiki.lamsfoundation.org/display/lamsdocs/laasse10</helpURL><xCoord>360</xCoord><yCoord>200</yCoord><activityTypeID>1</activityTypeID><learningDesignID>27602</learningDesignID><learningLibraryID>26</learningLibraryID><createDateTime class="sql-timestamp">2025-01-15 13:30:15</createDateTime><toolSignature>laasse10</toolSignature><toolID>23</toolID><toolContentID>239043</toolContentID><toolDisplayName>Assessment</toolDisplayName><toolVersion>20220920</toolVersion><authoringURL>tool/laasse10/authoring/start.do</authoringURL><monitoringURL>tool/laasse10/monitoring/summary.do</monitoringURL><adminURL>tool/laasse10/admin/start.do</adminURL><gateStopAtPrecedingActivity>false</gateStopAtPrecedingActivity><applyGrouping>false</applyGrouping><groupingSupportType>2</groupingSupportType><libraryActivityUIImage>tool/laasse10/images/icon_assessment.svg</libraryActivityUIImage><readOnly>false</readOnly><initialised>false</initialised><stopAfterActivity>false</stopAfterActivity><inputActivities/><competenceMappingTitles/><evaluation><string>learner.total.score</string></evaluation><languageCode></languageCode><supportsOutputs>true</supportsOutputs></org.lamsfoundation.lams.learningdesign.dto.AuthoringActivityDTO><org.lamsfoundation.lams.learningdesign.dto.AuthoringActivityDTO><activityID>277786</activityID><activityUIID>10</activityUIID><activityTitle>Άσκηση 3</activityTitle><helpURL>http://wiki.lamsfoundation.org/display/lamsdocs/laasse10</helpURL><xCoord>620</xCoord><yCoord>200</yCoord><activityTypeID>1</activityTypeID><learningDesignID>27602</learningDesignID><learningLibraryID>26</learningLibraryID><createDateTime class="sql-timestamp">2025-01-15 13:30:15</createDateTime><toolSignature>laasse10</toolSignature><toolID>23</toolID><toolContentID>239044</toolContentID><toolDisplayName>Assessment</toolDisplayName><toolVersion>20220920</toolVersion><authoringURL>tool/laasse10/authoring/start.do</authoringURL><monitoringURL>tool/laasse10/monitoring/summary.do</monitoringURL><adminURL>tool/laasse10/admin/start.do</adminURL><gateStopAtPrecedingActivity>false</gateStopAtPrecedingActivity><applyGrouping>false</applyGrouping><groupingSupportType>2</groupingSupportType><libraryActivityUIImage>tool/laasse10/images/icon_assessment.svg</libraryActivityUIImage><readOnly>false</readOnly><initialised>false</initialised><stopAfterActivity>false</stopAfterActivity><inputActivities/><competenceMappingTitles/><evaluation><string>learner.total.score</string></evaluation><languageCode></languageCode><supportsOutputs>true</supportsOutputs></org.lamsfoundation.lams.learningdesign.dto.AuthoringActivityDTO><org.lamsfoundation.lams.learningdesign.dto.AuthoringActivityDTO><activityID>277787</activityID><activityUIID>12</activityUIID><activityTitle>Χρήση πολλαπλών γραμμών</activityTitle><helpURL>http://wiki.lamsfoundation.org/display/lamsdocs/lanb11</helpURL><xCoord>80</xCoord><yCoord>320</yCoord><activityTypeID>1</activityTypeID><learningDesignID>27602</learningDesignID><learningLibraryID>37</learningLibraryID><createDateTime class="sql-timestamp">2025-01-15 13:30:15</createDateTime><toolSignature>lanb11</toolSignature><toolID>34</toolID><toolContentID>239049</toolContentID><toolDisplayName>NoticeboardX</toolDisplayName><toolVersion>20230325</toolVersion><authoringURL>tool/lanb11/authoring/authoring.do</authoringURL><monitoringURL>tool/lanb11/monitoring/monitoring.do</monitoringURL><gateStopAtPrecedingActivity>false</gateStopAtPrecedingActivity><applyGrouping>false</applyGrouping><groupingSupportType>2</groupingSupportType><libraryActivityUIImage>tool/lanb11/images/icon_nb.svg</libraryActivityUIImage><readOnly>false</readOnly><initialised>false</initialised><stopAfterActivity>false</stopAfterActivity><inputActivities/><competenceMappingTitles/><languageCode></languageCode><supportsOutputs>false</supportsOutputs></org.lamsfoundation.lams.learningdesign.dto.AuthoringActivityDTO><org.lamsfoundation.lams.learningdesign.dto.AuthoringActivityDTO><activityID>277788</activityID><activityUIID>13</activityUIID><activityTitle>Άσκηση 4</activityTitle><helpURL>http://wiki.lamsfoundation.org/display/lamsdocs/laasse10</helpURL><xCoord>360</xCoord><yCoord>320</yCoord><activityTypeID>1</activityTypeID><learningDesignID>27602</learningDesignID><learningLibraryID>26</learningLibraryID><createDateTime class="sql-timestamp">2025-01-15 13:30:15</createDateTime><toolSignature>laasse10</toolSignature><toolID>23</toolID><toolContentID>239050</toolContentID><toolDisplayName>Assessment</toolDisplayName><toolVersion>20220920</toolVersion><authoringURL>tool/laasse10/authoring/start.do</authoringURL><monitoringURL>tool/laasse10/monitoring/summary.do</monitoringURL><adminURL>tool/laasse10/admin/start.do</adminURL><gateStopAtPrecedingActivity>false</gateStopAtPrecedingActivity><applyGrouping>false</applyGrouping><groupingSupportType>2</groupingSupportType><libraryActivityUIImage>tool/laasse10/images/icon_assessment.svg</libraryActivityUIImage><readOnly>false</readOnly><initialised>false</initialised><stopAfterActivity>false</stopAfterActivity><inputActivities/><competenceMappingTitles/><evaluation><string>learner.total.score</string></evaluation><languageCode></languageCode><supportsOutputs>true</supportsOutputs></org.lamsfoundation.lams.learningdesign.dto.AuthoringActivityDTO><org.lamsfoundation.lams.learningdesign.dto.AuthoringActivityDTO><activityID>277789</activityID><activityUIID>14</activityUIID><activityTitle>Άσκηση 5: Προχωρημένη</activityTitle><helpURL>http://wiki.lamsfoundation.org/display/lamsdocs/laasse10</helpURL><xCoord>640</xCoord><yCoord>320</yCoord><activityTypeID>1</activityTypeID><learningDesignID>27602</learningDesignID><learningLibraryID>26</learningLibraryID><createDateTime class="sql-timestamp">2025-01-15 13:30:15</createDateTime><toolSignature>laasse10</toolSignature><toolID>23</toolID><toolContentID>239051</toolContentID><toolDisplayName>Assessment</toolDisplayName><toolVersion>20220920</toolVersion><authoringURL>tool/laasse10/authoring/start.do</authoringURL><monitoringURL>tool/laasse10/monitoring/summary.do</monitoringURL><adminURL>tool/laasse10/admin/start.do</adminURL><gateStopAtPrecedingActivity>false</gateStopAtPrecedingActivity><applyGrouping>false</applyGrouping><groupingSupportType>2</groupingSupportType><libraryActivityUIImage>tool/laasse10/images/icon_assessment.svg</libraryActivityUIImage><readOnly>false</readOnly><initialised>false</initialised><stopAfterActivity>false</stopAfterActivity><inputActivities/><competenceMappingTitles/><evaluation><string>learner.total.score</string></evaluation><languageCode></languageCode><supportsOutputs>true</supportsOutputs></org.lamsfoundation.lams.learningdesign.dto.AuthoringActivityDTO><org.lamsfoundation.lams.learningdesign.dto.AuthoringActivityDTO><activityID>277939</activityID><activityUIID>18</activityUIID><activityTitle>Άσκηση 6</activityTitle><helpURL>http://wiki.lamsfoundation.org/display/lamsdocs/laasse10</helpURL><xCoord>80</xCoord><yCoord>440</yCoord><activityTypeID>1</activityTypeID><learningDesignID>27602</learningDesignID><learningLibraryID>26</learningLibraryID><createDateTime class="sql-timestamp">2025-01-15 14:56:28</createDateTime><toolSignature>laasse10</toolSignature><toolID>23</toolID><toolContentID>239178</toolContentID><toolDisplayName>Assessment</toolDisplayName><toolVersion>20220920</toolVersion><authoringURL>tool/laasse10/authoring/start.do</authoringURL><monitoringURL>tool/laasse10/monitoring/summary.do</monitoringURL><adminURL>tool/laasse10/admin/start.do</adminURL><gateStopAtPrecedingActivity>false</gateStopAtPrecedingActivity><applyGrouping>false</applyGrouping><groupingSupportType>2</groupingSupportType><libraryActivityUIImage>tool/laasse10/images/icon_assessment.svg</libraryActivityUIImage><readOnly>false</readOnly><initialised>false</initialised><stopAfterActivity>false</stopAfterActivity><inputActivities/><competenceMappingTitles/><evaluation><string>learner.total.score</string></evaluation><languageCode></languageCode><supportsOutputs>true</supportsOutputs></org.lamsfoundation.lams.learningdesign.dto.AuthoringActivityDTO></activities><transitions><org.lamsfoundation.lams.learningdesign.dto.TransitionDTO><transitionID>199902</transitionID><transitionUIID>15</transitionUIID><toUIID>12</toUIID><fromUIID>10</fromUIID><createDateTime class="sql-timestamp">2025-01-15 13:30:15</createDateTime><toActivityID>277787</toActivityID><fromActivityID>277786</fromActivityID><learningDesignID>27602</learningDesignID><transitionType>0</transitionType><dataFlowObjects/></org.lamsfoundation.lams.learningdesign.dto.TransitionDTO><org.lamsfoundation.lams.learningdesign.dto.TransitionDTO><transitionID>199901</transitionID><transitionUIID>11</transitionUIID><toUIID>10</toUIID><fromUIID>7</fromUIID><createDateTime class="sql-timestamp">2025-01-15 13:30:15</createDateTime><toActivityID>277786</toActivityID><fromActivityID>277785</fromActivityID><learningDesignID>27602</learningDesignID><transitionType>0</transitionType><dataFlowObjects/></org.lamsfoundation.lams.learningdesign.dto.TransitionDTO><org.lamsfoundation.lams.learningdesign.dto.TransitionDTO><transitionID>199900</transitionID><transitionUIID>9</transitionUIID><toUIID>7</toUIID><fromUIID>6</fromUIID><createDateTime class="sql-timestamp">2025-01-15 13:30:15</createDateTime><toActivityID>277785</toActivityID><fromActivityID>277784</fromActivityID><learningDesignID>27602</learningDesignID><transitionType>0</transitionType><dataFlowObjects/></org.lamsfoundation.lams.learningdesign.dto.TransitionDTO><org.lamsfoundation.lams.learningdesign.dto.TransitionDTO><transitionID>199899</transitionID><transitionUIID>8</transitionUIID><toUIID>6</toUIID><fromUIID>3</fromUIID><createDateTime class="sql-timestamp">2025-01-15 13:30:15</createDateTime><toActivityID>277784</toActivityID><fromActivityID>277776</fromActivityID><learningDesignID>27602</learningDesignID><transitionType>0</transitionType><dataFlowObjects/></org.lamsfoundation.lams.learningdesign.dto.TransitionDTO><org.lamsfoundation.lams.learningdesign.dto.TransitionDTO><transitionID>199904</transitionID><transitionUIID>17</transitionUIID><toUIID>14</toUIID><fromUIID>13</fromUIID><createDateTime class="sql-timestamp">2025-01-15 13:30:15</createDateTime><toActivityID>277789</toActivityID><fromActivityID>277788</fromActivityID><learningDesignID>27602</learningDesignID><transitionType>0</transitionType><dataFlowObjects/></org.lamsfoundation.lams.learningdesign.dto.TransitionDTO><org.lamsfoundation.lams.learningdesign.dto.TransitionDTO><transitionID>199903</transitionID><transitionUIID>16</transitionUIID><toUIID>13</toUIID><fromUIID>12</fromUIID><createDateTime class="sql-timestamp">2025-01-15 13:30:15</createDateTime><toActivityID>277788</toActivityID><fromActivityID>277787</fromActivityID><learningDesignID>27602</learningDesignID><transitionType>0</transitionType><dataFlowObjects/></org.lamsfoundation.lams.learningdesign.dto.TransitionDTO><org.lamsfoundation.lams.learningdesign.dto.TransitionDTO><transitionID>200022</transitionID><transitionUIID>19</transitionUIID><toUIID>18</toUIID><fromUIID>14</fromUIID><createDateTime class="sql-timestamp">2025-01-15 14:56:28</createDateTime><toActivityID>277939</toActivityID><fromActivityID>277789</fromActivityID><learningDesignID>27602</learningDesignID><transitionType>0</transitionType><dataFlowObjects/></org.lamsfoundation.lams.learningdesign.dto.TransitionDTO><org.lamsfoundation.lams.learningdesign.dto.TransitionDTO><transitionID>199893</transitionID><transitionUIID>5</transitionUIID><toUIID>3</toUIID><fromUIID>2</fromUIID><createDateTime class="sql-timestamp">2025-01-15 13:12:13</createDateTime><toActivityID>277776</toActivityID><fromActivityID>277775</fromActivityID><learningDesignID>27602</learningDesignID><transitionType>0</transitionType><dataFlowObjects/></org.lamsfoundation.lams.learningdesign.dto.TransitionDTO><org.lamsfoundation.lams.learningdesign.dto.TransitionDTO><transitionID>199892</transitionID><transitionUIID>4</transitionUIID><toUIID>2</toUIID><fromUIID>1</fromUIID><createDateTime class="sql-timestamp">2025-01-15 13:12:13</createDateTime><toActivityID>277775</toActivityID><fromActivityID>277774</fromActivityID><learningDesignID>27602</learningDesignID><transitionType>0</transitionType><dataFlowObjects/></org.lamsfoundation.lams.learningdesign.dto.TransitionDTO></transitions><branchMappings/><competences/><annotations/></org.lamsfoundation.lams.learningdesign.dto.LearningDesignDTO>