<?xml version='1.0' encoding='UTF-8'?><org.lamsfoundation.lams.tool.assessment.model.Assessment><contentId>239051</contentId><title>Άσκηση 5: Προχωρημένη Άσκηση</title><instructions>&lt;div>Γράψε ένα πρόγραμμα που να εκτυπώνει ένα μικρό ποίημα ή ρητό χρησιμοποιώντας \n για να αλλάζεις γραμμή. Για παράδειγμα:&lt;/div>&#xd;
</instructions><useSelectLeaderToolOuput>false</useSelectLeaderToolOuput><relativeTimeLimit>0</relativeTimeLimit><absoluteTimeLimit>0</absoluteTimeLimit><questionsPerPage>0</questionsPerPage><sections class="sorted-set"/><attemptsAllowed>1</attemptsAllowed><passingMark>0</passingMark><shuffled>false</shuffled><shuffledAnswers>false</shuffledAnswers><numbered>true</numbered><allowQuestionFeedback>false</allowQuestionFeedback><allowOverallFeedbackAfterQuestion>false</allowOverallFeedbackAfterQuestion><allowDiscloseAnswers>false</allowDiscloseAnswers><allowAnswerRating>false</allowAnswerRating><allowRightAnswersAfterQuestion>false</allowRightAnswersAfterQuestion><allowWrongAnswersAfterQuestion>false</allowWrongAnswersAfterQuestion><allowGradesAfterAttempt>false</allowGradesAfterAttempt><enableConfidenceLevels>false</enableConfidenceLevels><confidenceLevelsType>1</confidenceLevelsType><allowHistoryResponses>false</allowHistoryResponses><allowAnswerJustification>false</allowAnswerJustification><allowDiscussionSentiment>false</allowDiscussionSentiment><displaySummary>false</displaySummary><displayMaxMark>false</displayMaxMark><defineLater>false</defineLater><notifyTeachersOnAttemptCompletion>false</notifyTeachersOnAttemptCompletion><questionEtherpadEnabled>false</questionEtherpadEnabled><created class="sql-timestamp">2025-01-15 13:29:27</created><createdBy><userId>152369</userId><firstName>ΜΑΝΟΥΣΟΣ</firstName><lastName>ΜΑΝΟΥΣΑΚΑΣ</lastName><loginName>mmanousakas</loginName><sessionFinished>false</sessionFinished><assessment reference="../.."/></createdBy><questions class="sorted-set"><org.lamsfoundation.lams.tool.assessment.model.AssessmentQuestion><qbQuestion><uuid>14e7e0e1-3399-469f-89ed-9b7b98bbad76</uuid><type>6</type><createDate class="sql-timestamp">2025-01-15 13:29:23</createDate><contentFolderId>fe565bfe-b00e-4583-87b5-fa9420faf05b</contentFolderId><name>Python Print - Άσκηση 5 print: Προχωρημένη Άσκηση</name><description>&lt;div>Γράψε ένα πρόγραμμα που να εκτυπώνει ένα μικρό ποίημα ή ρητό χρησιμοποιώντας \n για να αλλάζεις γραμμή. Για παράδειγμα:&lt;/div></description><maxMark>1</maxMark><penaltyFactor>0.0</penaltyFactor><multipleAnswersAllowed>false</multipleAnswersAllowed><incorrectAnswerNullifiesMark>false</incorrectAnswerNullifiesMark><shuffle>false</shuffle><prefixAnswersWithLetters>false</prefixAnswersWithLetters><caseSensitive>false</caseSensitive><exactMatch>false</exactMatch><correctAnswer>false</correctAnswer><allowRichEditor>false</allowRichEditor><maxWordsLimit>0</maxWordsLimit><minWordsLimit>0</minWordsLimit><hedgingJustificationEnabled>false</hedgingJustificationEnabled><autocompleteEnabled>false</autocompleteEnabled><qbOptions/><units/></qbQuestion><toolContentId>239051</toolContentId><answerRequired>false</answerRequired><displayOrder>2</displayOrder><randomQuestion>false</randomQuestion><correctAnswersDisclosed>false</correctAnswersDisclosed><groupsAnswersDisclosed>false</groupsAnswersDisclosed></org.lamsfoundation.lams.tool.assessment.model.AssessmentQuestion></questions><questionReferences class="sorted-set"><comparator class="org.lamsfoundation.lams.tool.assessment.util.SequencableComparator"/><org.lamsfoundation.lams.tool.assessment.model.QuestionReference><sequenceId>1</sequenceId><maxMark>1</maxMark><randomQuestion>false</randomQuestion><question reference="../../../questions/org.lamsfoundation.lams.tool.assessment.model.AssessmentQuestion"/></org.lamsfoundation.lams.tool.assessment.model.QuestionReference></questionReferences><overallFeedbacks class="sorted-set"><comparator class="org.lamsfoundation.lams.tool.assessment.util.SequencableComparator"/></overallFeedbacks></org.lamsfoundation.lams.tool.assessment.model.Assessment>