<?xml version='1.0' encoding='UTF-8'?><org.lamsfoundation.lams.tool.noticeboard.model.NoticeboardContent><nbContentId>239049</nbContentId><title>Χρήση πολλαπλών γραμμών</title><content>&lt;div>Μπορείς να χρησιμοποιείς πολλαπλές εντολές print() για να εκτυπώνεις σε διαφορετικές γραμμές:&lt;/div>&#xd;
&#xd;
&lt;div>&amp;nbsp;&lt;/div>&#xd;
&#xd;
&lt;div>print("Καλημέρα!")&lt;br>&#xd;
print("Τι κάνεις;")&lt;/div>&#xd;
&#xd;
&lt;div>&lt;br>&#xd;
Αυτό θα εκτυπώσει:&lt;img alt="Python Programming Language Overview &amp;amp; Why It Is So Popular?" height="200" src="https://blog.eduonix.com/wp-content/uploads/2018/09/Scientific-Python-Scipy-696x500.jpg" style="float:right" width="279">&lt;/div>&#xd;
&#xd;
&lt;div>&lt;br>&#xd;
Καλημέρα!&lt;br>&#xd;
Τι κάνεις;&lt;/div>&#xd;
&#xd;
&lt;div>&amp;nbsp;&lt;/div>&#xd;
&#xd;
&lt;div&gt;&#xd;
&lt;div>&lt;strong>Εκτύπωση με ειδικούς χαρακτήρες&lt;/strong>&lt;/div>&#xd;
&#xd;
&lt;div>&lt;br>&#xd;
Μπορείς να χρησιμοποιείς τον χαρακτήρα \n για να αλλάζεις γραμμή μέσα στην ίδια εντολή print():&lt;/div>&#xd;
&#xd;
&lt;div>&amp;nbsp;&lt;/div>&#xd;
&#xd;
&lt;div>print("Αυτή είναι η πρώτη γραμμή.\nΑυτή είναι η δεύτερη γραμμή.")&lt;/div>&#xd;
&#xd;
&lt;div>&lt;br>&#xd;
Αυτό θα εκτυπώσει:&lt;/div>&#xd;
&#xd;
&lt;div>&amp;nbsp;&lt;/div>&#xd;
&#xd;
&lt;div>Αυτή είναι η πρώτη γραμμή.&lt;br>&#xd;
Αυτή είναι η δεύτερη γραμμή.&lt;/div>&#xd;
&#xd;
&lt;div>&amp;nbsp;&lt;/div>&#xd;
&#xd;
&lt;div style="text-align: right;">&amp;nbsp;&lt;/div>&#xd;
&lt;/div>&#xd;
</content><defineLater>false</defineLater><contentInUse>false</contentInUse><creatorUserId>152369</creatorUserId><dateCreated class="sql-timestamp">2025-01-15 13:24:33</dateCreated><dateUpdated class="sql-timestamp">2025-01-15 13:43:57</dateUpdated><allowComments>false</allowComments><commentsLikeAndDislike>false</commentsLikeAndDislike><allowAnonymous>false</allowAnonymous></org.lamsfoundation.lams.tool.noticeboard.model.NoticeboardContent>